{
  "memoryweave_metrics": {
    "by_query": {
      "query_0": {
        "precision": 0.25,
        "recall": 1.0,
        "f1": 0.4,
        "mrr": 1.0
      },
      "query_1": {
        "precision": 0.125,
        "recall": 1.0,
        "f1": 0.2222222222222222,
        "mrr": 1.0
      },
      "query_2": {
        "precision": 0.125,
        "recall": 1.0,
        "f1": 0.2222222222222222,
        "mrr": 1.0
      }
    },
    "average": {
      "precision": 0.16666666666666666,
      "recall": 1.0,
      "f1": 0.2814814814814815,
      "mrr": 1.0
    }
  },
  "baseline_metrics": {
    "bm25": {
      "by_query": {
        "query_0": {
          "precision": 0.6666666666666666,
          "recall": 1.0,
          "f1": 0.8,
          "mrr": 1.0
        },
        "query_1": {
          "precision": 1.0,
          "recall": 1.0,
          "f1": 1.0,
          "mrr": 1.0
        },
        "query_2": {
          "precision": 1.0,
          "recall": 1.0,
          "f1": 1.0,
          "mrr": 1.0
        }
      },
      "average": {
        "precision": 0.8888888888888888,
        "recall": 1.0,
        "f1": 0.9333333333333332,
        "mrr": 1.0
      }
    },
    "vector_search": {
      "by_query": {
        "query_0": {
          "precision": 0.25,
          "recall": 1.0,
          "f1": 0.4,
          "mrr": 1.0
        },
        "query_1": {
          "precision": 0.125,
          "recall": 1.0,
          "f1": 0.2222222222222222,
          "mrr": 1.0
        },
        "query_2": {
          "precision": 0.125,
          "recall": 1.0,
          "f1": 0.2222222222222222,
          "mrr": 1.0
        }
      },
      "average": {
        "precision": 0.16666666666666666,
        "recall": 1.0,
        "f1": 0.2814814814814815,
        "mrr": 1.0
      }
    },
    "bm25_aggressive": {
      "by_query": {
        "query_0": {
          "precision": 0.6666666666666666,
          "recall": 1.0,
          "f1": 0.8,
          "mrr": 1.0
        },
        "query_1": {
          "precision": 1.0,
          "recall": 1.0,
          "f1": 1.0,
          "mrr": 1.0
        },
        "query_2": {
          "precision": 1.0,
          "recall": 1.0,
          "f1": 1.0,
          "mrr": 1.0
        }
      },
      "average": {
        "precision": 0.8888888888888888,
        "recall": 1.0,
        "f1": 0.9333333333333332,
        "mrr": 1.0
      }
    }
  },
  "query_details": {
    "query_0": [
      {
        "system": "memoryweave",
        "query_text": "What programming language is known for readability?",
        "retrieved_ids": [
          "mem1",
          "mem8",
          "mem5",
          "mem2",
          "mem7",
          "mem3",
          "mem4",
          "mem6"
        ],
        "relevant_ids": [
          "mem1",
          "mem5"
        ],
        "scores": [
          0.9997028673237035,
          0.9997028673237035,
          0.9994838709333601,
          0.9970909029271469,
          0.9951357233775535,
          0.9901475429766741,
          0.9829996285318944,
          0.9765939497370841
        ],
        "query_time": 6.794929504394531e-05
      },
      {
        "system": "bm25",
        "query_text": "What programming language is known for readability?",
        "retrieved_ids": [
          "mem1",
          "mem5",
          "mem2"
        ],
        "relevant_ids": [
          "mem1",
          "mem5"
        ],
        "scores": [
          1.0,
          1.0,
          0.7002872516657024
        ],
        "query_time": 0.02882099151611328
      },
      {
        "system": "vector_search",
        "query_text": "What programming language is known for readability?",
        "retrieved_ids": [
          "mem1",
          "mem8",
          "mem5",
          "mem2",
          "mem7",
          "mem3",
          "mem4",
          "mem6"
        ],
        "relevant_ids": [
          "mem1",
          "mem5"
        ],
        "scores": [
          0.9997028673237036,
          0.9997028673237036,
          0.9994838709333602,
          0.9970909029271466,
          0.9951357233775534,
          0.9901475429766742,
          0.9829996285318944,
          0.9765939497370841
        ],
        "query_time": 0.0005621910095214844
      },
      {
        "system": "bm25_aggressive",
        "query_text": "What programming language is known for readability?",
        "retrieved_ids": [
          "mem1",
          "mem5",
          "mem2"
        ],
        "relevant_ids": [
          "mem1",
          "mem5"
        ],
        "scores": [
          1.0,
          1.0,
          0.6870157219077094
        ],
        "query_time": 0.0008058547973632812
      }
    ],
    "query_1": [
      {
        "system": "memoryweave",
        "query_text": "What is the capital of France?",
        "retrieved_ids": [
          "mem3",
          "mem4",
          "mem6",
          "mem2",
          "mem5",
          "mem1",
          "mem8",
          "mem7"
        ],
        "relevant_ids": [
          "mem3"
        ],
        "scores": [
          0.9999489834961276,
          0.9994198694218055,
          0.9978099499200513,
          0.9972413740548083,
          0.9929917293458798,
          0.9847319278346617,
          0.9847319278346617,
          0.9690941652527747
        ],
        "query_time": 3.0994415283203125e-05
      },
      {
        "system": "bm25",
        "query_text": "What is the capital of France?",
        "retrieved_ids": [
          "mem3"
        ],
        "relevant_ids": [
          "mem3"
        ],
        "scores": [
          1.0
        ],
        "query_time": 0.0006647109985351562
      },
      {
        "system": "vector_search",
        "query_text": "What is the capital of France?",
        "retrieved_ids": [
          "mem3",
          "mem4",
          "mem6",
          "mem2",
          "mem5",
          "mem1",
          "mem8",
          "mem7"
        ],
        "relevant_ids": [
          "mem3"
        ],
        "scores": [
          0.9999489834961277,
          0.9994198694218055,
          0.9978099499200513,
          0.9972413740548081,
          0.9929917293458796,
          0.9847319278346618,
          0.9847319278346618,
          0.9690941652527746
        ],
        "query_time": 0.0001270771026611328
      },
      {
        "system": "bm25_aggressive",
        "query_text": "What is the capital of France?",
        "retrieved_ids": [
          "mem3"
        ],
        "relevant_ids": [
          "mem3"
        ],
        "scores": [
          1.0
        ],
        "query_time": 0.0004220008850097656
      }
    ],
    "query_2": [
      {
        "system": "memoryweave",
        "query_text": "What food do I like to eat?",
        "retrieved_ids": [
          "mem4",
          "mem6",
          "mem3",
          "mem2",
          "mem5",
          "mem1",
          "mem8",
          "mem7"
        ],
        "relevant_ids": [
          "mem4"
        ],
        "scores": [
          0.9999739701958698,
          0.9996896397807044,
          0.9986803029552127,
          0.9933286643234072,
          0.9872686360232217,
          0.9767092580356184,
          0.9767092580356184,
          0.958088221196128
        ],
        "query_time": 2.5987625122070312e-05
      },
      {
        "system": "bm25",
        "query_text": "What food do I like to eat?",
        "retrieved_ids": [
          "mem4"
        ],
        "relevant_ids": [
          "mem4"
        ],
        "scores": [
          1.0
        ],
        "query_time": 0.0006411075592041016
      },
      {
        "system": "vector_search",
        "query_text": "What food do I like to eat?",
        "retrieved_ids": [
          "mem4",
          "mem6",
          "mem3",
          "mem2",
          "mem5",
          "mem1",
          "mem8",
          "mem7"
        ],
        "relevant_ids": [
          "mem4"
        ],