{
  "query_classification": {
    "accuracy": 0.75,
    "misclassified_count": 15
  },
  "embedding_analysis": {
    "avg_personal_similarity": 11.287460899353027,
    "avg_factual_similarity": 14.707107821377841
  },
  "threshold_optimization": {
    "personal": {
      "threshold": 0.9,
      "f1": 0.7333333333333334,
      "precision": 0.68,
      "recall": 1.0
    },
    "factual": {
      "threshold": 0.9,
      "f1": 0.4703030303030301,
      "precision": 0.3342424242424241,
      "recall": 1.0
    },
    "overall": {
      "threshold": 0.9,
      "f1": 0.49222222222222206,
      "precision": 0.3630555555555554,
      "recall": 1.0
    }
  },
  "failed_queries": {
    "count": 0,
    "personal_count": 0,
    "factual_count": 0
  }
}